name,email,location,login
Abigail Pelletier,abigail.pelletier@example.com,Inwood,crazydog648
Connor Lewis,connor.lewis@example.com,Whangarei,organicmeercat863
Luukas Koistinen,luukas.koistinen@example.com,Kyli,heavybird967
Matilda Ahola,matilda.ahola@example.com,Hyrynsalmi,sadfrog613
Gina Kumar,gina.kumar@example.com,Sirevg,redgoose321
Berend Zllner,berend.zollner@example.com,Freinsheim,orangemouse506
Heidi Ramos,heidi.ramos@example.com,Chester,blackelephant840
Dylan Wong,dylan.wong@example.com,Fauquier,smalldog471
Tommy Black,tommy.black@example.com,Townsville,orangeleopard185
Harper Bouchard,harper.bouchard@example.com,Aylmer,bluemeercat122
